{"cameraMode":{"drawMode":0,"name":"Shaded","section":"Shading Mode"},"sceneLighting":false,"audioPlay":false,"sceneViewState":{"m_AlwaysRefresh":false,"showFog":true,"showSkybox":false,"showFlares":true,"showImageEffects":true,"showParticleSystems":true,"showVisualEffectGraphs":true,"m_FxEnabled":true},"in2DMode":false,"pivot":{"x":-8.195638656616211e-8,"y":0.08823627233505249,"z":0.5650997161865234},"rotation":{"x":0.09133040904998779,"y":-0.6901289820671082,"z":0.08847138285636902,"w":0.7124293446540833},"size":1.711125373840332,"orthographic":false}